ID	seqnames	start	end	width	strand	REF	ALT	varAllele	CDSLOC.start	CDSLOC.end	CDSLOC.width	PROTEINLOC	QUERYID	TXID	CDSID	GENEID	CONSEQUENCE	REFCODON	VARCODON	REFAA	VARAA	Species
SNP_10	Chr17	904110	904110	1	+	T	G	G	228	228	1	76	60	71362	242934	Glyma.17G011400	nonsynonymous	GAT	GAG	D	E	Hglycines
SNP_12	Chr18	1643660	1643660	1	+	C	G	G	624	624	1	208	67	75588	258029	Glyma.18G022500	nonsynonymous	GAC	GAG	D	E	Hglycines
SNP_13	Chr18	1645407	1645407	1	+	A	G	G	860	860	1	287	68	75588	258032	Glyma.18G022500	nonsynonymous	GAT	GGT	D	G	Hglycines
SNP_14	Chr18	46375522	46375522	1	-	G	T	A	10	10	1	4	54	78968	269389	Glyma.18G192200	nonsynonymous	CCT	ACT	P	T	Hglycines
SNP_16	Chr18	46858485	46858485	1	+	G	A	A	24	24	1	8	61	76814	262200	Glyma.18G195000	synonymous	TCG	TCA	S	S	Hglycines
SNP_17	Chr04	16332581	16332581	1	-	T	C	G	265	265	1	89	44	16128	54501	Glyma.04G124600	synonymous	GCA	GCA	A	A	Hglycines
SNP_18	Chr06	10710675	10710675	1	-	AG	A	T	825	825	1	275	45	24895	84392	Glyma.06G130300	nonsynonymous	AGA	AGT	R	S	Hglycines
SNP_2	Chr11	16109011	16109011	1	+	A	C	C	221	221	1	74	48	47288	161553	Glyma.11G166400	nonsynonymous	AAC	ACC	N	T	Hglycines
SNP_26	Chr08	8017355	8017355	1	-	T	C	G	917	917	1	306	57	34589	117684	Glyma.08G104400	nonsense	TTA	TGA	L	*	Hglycines
SNP_27	Chr08	8285888	8285888	1	+	A	G	G	1200	1200	1	400	58	31647	107512:107511	Glyma.08G107700	synonymous	CCA	CCG	P	P	Hglycines
SNP_28	Chr08	8361148	8361148	1	+	C	G	G	599	599	1	200	66	31655	c(107531, 107530, 107532)	Glyma.08G108900	nonsynonymous	CCC	CGC	P	R	Hglycines
SNP_29	Chr08	9195784	9195784	1	+	A	G	G	199	199	1	67	46	31729	107775	Glyma.08G119200	nonsynonymous	AGC	GGC	S	G	Hglycines
SNP_30	Chr09	4771451	4771451	1	-	AATAG	A	T	1208	1208	1	403	47	39286	134006	Glyma.09G054000	synonymous	TTA	TTA	L	L	Hglycines
SNP_4	Chr15	11600869	11600869	1	-	CATTA	CATTAA	TTAATG	186	186	1	62	49	66704	227958	Glyma.15G141800	frameshift	TAT	TATTAATG			Hglycines
SNP_5	Chr15	44661082	44661082	1	+	G	GC	GC	1414	1414	1	472	50	65162	223067	Glyma.15G237200	frameshift	GTA	GCTA			Hglycines
SNP_6	Chr15	46972304	46972304	1	-	T	C	G	2041	2041	1	681	51	67525	230685	Glyma.15G246800	synonymous	GAG	GAG	E	E	Hglycines
SNP_7	Chr16	6529260	6529260	1	+	A	T	T	1315	1315	1	439	52	68237	233222	Glyma.16G065700	nonsynonymous	ACC	TCC	T	S	Hglycines
SNP_8	Chr16	6530587	6530587	1	+	C	A	A	2642	2642	1	881	53	68237	233222	Glyma.16G065700	nonsynonymous	CCA	CAA	P	Q	Hglycines
ss715590997	Chr05	34337698	34337698	1	+	G	A	A	743	743	1	248	4	18321	61859	Glyma.05G149000	nonsynonymous	AGC	AAC	S	N	Aglycines
ss715596894	Chr07	2530979	2530979	1	+	G	A	A	352	352	1	118	6	26680	90415	Glyma.07G032200	nonsynonymous	GCG	ACG	A	T	Aglycines
ss715597431	Chr07	36449014	36449014	1	-	C	T	A	11	11	1	4	30	30066	102244	Glyma.07G195900	nonsynonymous	AGG	AAG	R	K	Aglycines
ss715607701	Chr10	47716772	47716772	1	+	G	A	A	639	639	1	213	12	43112	147235	Glyma.10G248900	synonymous	GTG	GTA	V	V	Aglycines
ss715612718	Chr12	36995143	36995143	1	-	G	T	A	129	129	1	43	15	53521	183022	Glyma.12G210900	synonymous	TCA	TCA	S	S	Aglycines
ss715613201	Chr12	5693819	5693819	1	-	T	C	G	304	304	1	102	26	52427	179530	Glyma.12G075100	nonsynonymous	AGC	GGC	S	G	Aglycines
ss715614683	Chr13	28673573	28673573	1	+	G	A	A	402	402	1	134	37	55186	189395	Glyma.13G172700	synonymous	CAG	CAA	Q	Q	Aglycines
ss715615008	Chr13	30654291	30654291	1	+	T	C	C	750	750	1	250	17	55344	190050	Glyma.13G193200	synonymous	GCT	GCC	A	A	Aglycines
ss715615352	Chr13	32859112	32859112	1	-	C	T	A	404	404	1	135	19	58429	200302	Glyma.13G215100	synonymous	AAT	AAT	N	N	Aglycines
ss715615402	Chr13	33280297	33280297	1	+	T	C	C	714	714	1	238	20	55549	190760	Glyma.13G219800	synonymous	GGT	GGC	G	G	Aglycines
ss715618940	Chr14	43805410	43805410	1	+	C	T	T	79	79	1	27	21	61224	209545	Glyma.14G178100	synonymous	CTG	TTG	L	L	Aglycines
ss715625258	Chr16	6093779	6093779	1	+	T	C	C	516	516	1	172	23	68218	233139	Glyma.16G062400	synonymous	CAT	CAC	H	H	Aglycines
ss715628786	Chr18	1286863	1286863	1	-	A	G	C	435	435	1	145	38	77746	265445	Glyma.18G017800	synonymous	GCT	GCC	A	A	Aglycines
ss715637107	Chr20	2608000	2608000	1	-	G	A	T	1062	1062	1	354	42	86104	293645	Glyma.20G024100	synonymous	GAT	GAT	D	D	Aglycines
ss715637718	Chr20	36626029	36626029	1	+	T	C	C	351	351	1	117	25	84867	289253	Glyma.20G123600	synonymous	GAT	GAC	D	D	Aglycines
ss715638409	Chr20	43235357	43235357	1	+	G	A	A	2156	2156	1	719	43	85425	291272	Glyma.20G193500	nonsynonymous	AGA	AAA	R	K	Aglycines
