SNPs	Location	Species
ss715580619	intron	Aglycines
ss715594619	intron	Aglycines
ss715598285	intron	Aglycines
ss715599482	intron	Aglycines
ss715599561	intron	Aglycines
ss715601800	intron	Aglycines
ss715603059	intron	Aglycines
ss715608208	intron	Aglycines
ss715609271	intron	Aglycines
ss715614932	intron	Aglycines
ss715624134	intron	Aglycines
ss715635693	intron	Aglycines
Chr1-50726668-51960351	intron	Hglycines
Chr14-3172907	intron	Hglycines
Chr17-829587	intron	Hglycines
Chr18-46625879	intron	Hglycines
Chr7-35898587	intron	Hglycines
Chr7-43093289-43095766	intron	Hglycines
Chr8-42145795	intron	Hglycines
Chr8-42146252	intron	Hglycines
Chr8-7631207	intron	Hglycines
ss715585930	intron	Hglycines
ss715597063	intron	Hglycines
ss715597409	intron	Hglycines
ss715597497	intron	Hglycines
ss715604895	intron	Hglycines
ss715614679	intron	Hglycines
ss715629914	intron	Hglycines
ss715632607	intron	Hglycines
ss715633078	intron	Hglycines
ss715583602	exon	Aglycines
ss715589122	exon	Aglycines
ss715590997	exon	Aglycines
ss715596894	exon	Aglycines
ss715607701	exon	Aglycines
ss715612718	exon	Aglycines
ss715613201	exon	Aglycines
ss715615008	exon	Aglycines
ss715615024	exon	Aglycines
ss715615352	exon	Aglycines
ss715615402	exon	Aglycines
ss715618940	exon	Aglycines
ss715625258	exon	Aglycines
ss715637718	exon	Aglycines
Chr11-16109011	exon	Hglycines
Chr15-11600869	exon	Hglycines
Chr15-44661082	exon	Hglycines
Chr15-46972304	exon	Hglycines
Chr16-6529260	exon	Hglycines
Chr16-6530587	exon	Hglycines
Chr17-904110	exon	Hglycines
Chr18-1286527-6646067	exon	Hglycines
Chr18-1643660	exon	Hglycines
Chr18-1645407	exon	Hglycines
Chr18-46375522	exon	Hglycines
Chr18-46858485	exon	Hglycines
Chr4-16332581	exon	Hglycines
Chr6-10710675	exon	Hglycines
Chr8-16268025	exon	Hglycines
Chr8-8017355	exon	Hglycines
Chr8-8285888	exon	Hglycines
Chr8-8361148	exon	Hglycines
Chr8-9195784	exon	Hglycines
Chr9-4771451	exon	Hglycines
ss715597410	exon	Hglycines
ss715597413	exon	Hglycines
ss715597431	exon	Hglycines
ss715607371	exon	Hglycines
ss715614683	exon	Hglycines
ss715628786	exon	Hglycines
ss715637107	exon	Hglycines
ss715638409	exon	Hglycines
Chr8-16268025	5p	Hglycines
ss715583602	3p	Aglycines
ss715589122	3p	Aglycines
ss715615024	3p	Aglycines
ss715597410	3p	Hglycines
ss715597413	3p	Hglycines
ss715607371	3p	Hglycines
ss715578827	Intergenic	Aglycines
ss715590206	Intergenic	Aglycines
ss715590836	Intergenic	Aglycines
ss715594602	Intergenic	Aglycines
ss715596142	Intergenic	Aglycines
ss715596585	Intergenic	Aglycines
ss715597329	Intergenic	Aglycines
ss715600535	Intergenic	Aglycines
ss715600829	Intergenic	Aglycines
ss715605620	Intergenic	Aglycines
ss715606645	Intergenic	Aglycines
ss715607270	Intergenic	Aglycines
ss715613209	Intergenic	Aglycines
ss715614449	Intergenic	Aglycines
ss715614803	Intergenic	Aglycines
ss715616460	Intergenic	Aglycines
ss715616609	Intergenic	Aglycines
ss715617401	Intergenic	Aglycines
ss715628067	Intergenic	Aglycines
ss715631460	Intergenic	Aglycines
ss715634601	Intergenic	Aglycines
ss715635565	Intergenic	Aglycines
ss715635663	Intergenic	Aglycines
Chr01-17817555	Intergenic	Hglycines
Chr01-2195303	Intergenic	Hglycines
Chr01-812542	Intergenic	Hglycines
Chr10-40113201-40113201	Intergenic	Hglycines
Chr11-10174912-14827458	Intergenic	Hglycines
Chr11-11983839	Intergenic	Hglycines
Chr12-37537049-37554204	Intergenic	Hglycines
Chr13-28990627	Intergenic	Hglycines
Chr13-29081-105760	Intergenic	Hglycines
Chr13-31806761-31828223	Intergenic	Hglycines
Chr14-3853672	Intergenic	Hglycines
Chr15-10320348	Intergenic	Hglycines
Chr15-38522986	Intergenic	Hglycines
Chr18-1979690	Intergenic	Hglycines
Chr19-37531417-46497770	Intergenic	Hglycines
Chr2-13663384	Intergenic	Hglycines
Chr20-33218932	Intergenic	Hglycines
Chr4-7627278	Intergenic	Hglycines
Chr7-36423980	Intergenic	Hglycines
Chr7-36480188-36560926	Intergenic	Hglycines
Chr8-42069304	Intergenic	Hglycines
Chr8-42210730	Intergenic	Hglycines
Chr8-42293287	Intergenic	Hglycines
Chr8-7571195-8607787	Intergenic	Hglycines
Chr8-7622492	Intergenic	Hglycines
Chr8-7640250	Intergenic	Hglycines
Chr8-7661660	Intergenic	Hglycines
Chr8-7662003	Intergenic	Hglycines
Chr8-7664479	Intergenic	Hglycines
Chr8-7671170	Intergenic	Hglycines
ss715578714	Intergenic	Hglycines
ss715581136	Intergenic	Hglycines
ss715583614	Intergenic	Hglycines
ss715587144	Intergenic	Hglycines
ss715596418	Intergenic	Hglycines
ss715597387	Intergenic	Hglycines
ss715597408	Intergenic	Hglycines
ss715597474	Intergenic	Hglycines
ss715597494	Intergenic	Hglycines
ss715606985	Intergenic	Hglycines
ss715608711	Intergenic	Hglycines
ss715610297	Intergenic	Hglycines
ss715614441	Intergenic	Hglycines
ss715619560	Intergenic	Hglycines
ss715622290	Intergenic	Hglycines
ss715628444	Intergenic	Hglycines
ss715629308	Intergenic	Hglycines
ss715630294	Intergenic	Hglycines
ss715632750	Intergenic	Hglycines
Chr12-3580847	Intergenic	Slitura
Chr5-36611550	Intergenic	Slitura
Chr6-16658998	Intergenic	Slitura
Chr6-16660196	Intergenic	Slitura
Chr7-4380539	Intergenic	Slitura
Chr7-4380563	Intergenic	Slitura
